<manifest alg="2" build="2018.1.0.386" opt="true" iceEnabled="true" iceMarkupVersion="2" iceEnabledOptions="link,responsive,cachebuster,textStyling" exportTarget="other" domain="Quervainfinite.html" resolutions="1x" timestamp="1538578136730">
  <folder name="css">
    <file name="site_global.css" crc="4186145796"/>
    <file name="semana-2.css" crc="399228151" ref="semana-2"/>
    <file name="index.css" crc="452340419" ref="index"/>
    <file name="semana-1.css" crc="63373593" ref="semana-1"/>
    <file name="semana-3.css" crc="340864684" ref="semana-3"/>
    <file name="semana-4.css" crc="450207091" ref="semana-4"/>
    <file name="semana-5.css" crc="4120133797" ref="semana-5"/>
    <file name="semana-6.css" crc="4269972366" ref="semana-6"/>
    <file name="semana-7.css" crc="4266214224" ref="semana-7"/>
  </folder>
  <folder name="assets">
    <file name="diagrama-de-gantt.pdf" crc="4251842997" seo="true" mt="1536124720000"/>
    <file name="plan-de-trabajo.xlsx" crc="4287933332" seo="true" mt="1536158816000"/>
    <file name="plan-de-trabajo.png" crc="412261842" seo="true" mt="1536709679000"/>
    <file name="requermientos_diseño-hackathon.xlsx" crc="213705132" seo="true" mt="1537039131000"/>
  </folder>
  <folder name="scripts">
    <file name="jquery-1.8.3.min.js" crc="209076791" ref="index:semana-1:semana-4:semana-2:semana-3:semana-5:semana-6:semana-7"/>
    <file name="museutils.js" crc="340535759" ref="index:semana-1:semana-4:semana-2:semana-3:semana-5:semana-6:semana-7"/>
    <file name="whatinput.js" crc="86476730" ref="index:semana-1:semana-4:semana-2:semana-3:semana-5:semana-6:semana-7"/>
    <file name="museconfig.js" crc="310584261" ref="index:semana-1:semana-4:semana-2:semana-3:semana-5:semana-6:semana-7"/>
    <file name="jquery.musepolyfill.bgsize.js" crc="4260645839" ref="index:semana-1:semana-4:semana-2:semana-3:semana-5:semana-6:semana-7"/>
    <file name="webpro.js" crc="4059564322" ref="index:semana-4:semana-2"/>
    <file name="musewpslideshow.js" crc="3862962738" ref="index:semana-2"/>
    <file name="jquery.museoverlay.js" crc="4147669564" ref="index:semana-2"/>
    <file name="touchswipe.js" crc="4075097462" ref="index:semana-2"/>
    <file name="jquery.musemenu.js" crc="510910590" ref="index:semana-1:semana-4:semana-2:semana-3:semana-5:semana-6:semana-7"/>
    <file name="jquery.watch.js" crc="51536988" ref="index:semana-1:semana-4:semana-2:semana-3:semana-5:semana-6:semana-7"/>
    <file name="jquery.scrolleffects.js" crc="39568856" ref="index:semana-1:semana-4:semana-2:semana-3:semana-5:semana-6:semana-7"/>
    <file name="html5shiv.js" crc="4241844378" ref="index:semana-1:semana-4:semana-3:semana-2:semana-5:semana-6:semana-7"/>
    <file name="require.js" crc="7928878" ref="index:semana-1:semana-4:semana-2:semana-3:semana-5:semana-6:semana-7"/>
    <file name="musewpdisclosure.js" crc="3883500470" ref="semana-4"/>
  </folder>
  <folder name="images">
    <file name="cabecera-01.jpg" crc="492754019" ref="index">
      <caption webpage="index" alt=""/>
    </file>
    <file name="cabecera-012.jpg" crc="492754019" seo="true" ref="index">
      <caption webpage="index" alt=""/>
    </file>
    <file name="blank.gif" crc="4208392903" ref="index:semana-1:semana-4:semana-2:semana-3:semana-5:semana-6:semana-7"/>
    <file name="cabecera-02.jpg" crc="524066571" seo="true" ref="index">
      <caption webpage="index" alt=""/>
    </file>
    <file name="cabecera-03.jpg" crc="4287590828" seo="true" ref="index">
      <caption webpage="index" alt=""/>
    </file>
    <file name="flecha-izquierda.png" crc="3975364059" ref="index">
      <caption webpage="index" alt=""/>
    </file>
    <file name="flecha-derecha.png" crc="152649081" ref="index">
      <caption webpage="index" alt=""/>
    </file>
    <file name="loading.gif" crc="3815509949" ref="index"/>
    <file name="infinite - horizontal.png" crc="148556543" ref="index">
      <caption webpage="index" alt=""/>
    </file>
    <file name="equipo-aldo.jpg" crc="255870372" ref="index">
      <caption webpage="index" alt=""/>
    </file>
    <file name="equipo-dylan.jpg" crc="344276706" ref="index">
      <caption webpage="index" alt=""/>
    </file>
    <file name="equipo-katherin.jpg" crc="4060076347" ref="index">
      <caption webpage="index" alt=""/>
    </file>
    <file name="equipo-estefano.jpg" crc="78757229" ref="index">
      <caption webpage="index" alt=""/>
    </file>
    <file name="equipo-diego.jpg" crc="4232450990" ref="index">
      <caption webpage="index" alt=""/>
    </file>
    <file name="brochure.jpg" crc="4178546232" ref="index">
      <caption webpage="index" alt=""/>
    </file>
    <file name="grafico.png" crc="412497843" ref="index">
      <caption webpage="index" alt=""/>
      <caption webpage="index" alt=""/>
    </file>
    <file name="web.png" crc="329871790" ref="index">
      <caption webpage="index" alt=""/>
      <caption webpage="index" alt=""/>
    </file>
    <file name="app.png" crc="484025998" ref="index">
      <caption webpage="index" alt=""/>
      <caption webpage="index" alt=""/>
    </file>
    <file name="quienes-somos.png" crc="336959440" ref="index">
      <caption webpage="index" alt=""/>
    </file>
    <file name="que-hacemos.png" crc="482448688" ref="index">
      <caption webpage="index" alt=""/>
    </file>
    <file name="infinite con letra (png).png" crc="4011096262" ref="index:semana-1:semana-4:semana-2:semana-3:semana-5:semana-6:semana-7">
      <caption webpage="semana-7" alt=""/>
      <caption webpage="semana-2" alt=""/>
      <caption webpage="semana-4" alt=""/>
      <caption webpage="index" alt=""/>
      <caption webpage="semana-6" alt=""/>
      <caption webpage="semana-5" alt=""/>
      <caption webpage="semana-3" alt=""/>
      <caption webpage="semana-1" alt=""/>
    </file>
    <file name="graficotendinitis.jpg" crc="4198968182" ref="semana-1">
      <caption webpage="semana-1" alt=""/>
    </file>
    <file name="graficotendinitis2.jpg" crc="3933894425" ref="semana-1">
      <caption webpage="semana-1" alt=""/>
    </file>
    <file name="u4730-4.png" crc="4090055632" ref="semana-1"/>
    <file name="tratamiento.png" crc="338782982" ref="semana-1">
      <caption webpage="semana-1" alt=""/>
    </file>
    <file name="graficotendinitis5.jpg" crc="101248239" ref="semana-1">
      <caption webpage="semana-1" alt=""/>
    </file>
    <file name="propuesta 2.jpg" crc="3838767570" ref="semana-4">
      <caption webpage="semana-4" alt=""/>
    </file>
    <file name="propuesta1.jpg" crc="370252612" ref="semana-4">
      <caption webpage="semana-4" alt=""/>
    </file>
    <file name="proyecto 3.jpg" crc="428267719" ref="semana-4">
      <caption webpage="semana-4" alt=""/>
    </file>
    <file name="figura 3.jpg" crc="388138152" ref="semana-2"/>
    <file name="figura 2.png" crc="3873244700" ref="semana-2">
      <caption webpage="semana-2" alt=""/>
    </file>
    <file name="sigletact.jpg" crc="4039399533" ref="semana-2">
      <caption webpage="semana-2" alt=""/>
    </file>
    <file name="screenshot_20180831-143558_word.jpg" crc="462256689" ref="semana-2">
      <caption webpage="semana-2" alt=""/>
    </file>
    <file name="plan de trabajo.jpg" crc="492094423" ref="semana-3"/>
    <file name="figura 1.jpg" crc="377031640" ref="semana-2">
      <caption webpage="semana-2" alt=""/>
    </file>
    <file name="requerimientos devdiseño f.jpg" crc="4177809646" ref="semana-2:semana-1">
      <caption webpage="semana-2" alt=""/>
      <caption webpage="semana-1" alt=""/>
    </file>
    <file name="requerimientos devdiseño sf.png" crc="3822005811" ref="semana-2">
      <caption webpage="semana-2" alt=""/>
    </file>
    <file name="concepto1.jpg" crc="3966555968" ref="semana-5:semana-6">
      <caption webpage="semana-5" alt=""/>
      <caption webpage="semana-6" alt=""/>
    </file>
    <file name="concepto2.jpg" crc="4075302664" ref="semana-5:semana-6">
      <caption webpage="semana-5" alt=""/>
      <caption webpage="semana-6" alt=""/>
    </file>
    <file name="concepto3.jpg" crc="389967342" ref="semana-5:semana-6">
      <caption webpage="semana-5" alt=""/>
      <caption webpage="semana-6" alt=""/>
    </file>
    <file name="fuerza de compensacion.jpg" crc="4200103346" ref="semana-2">
      <caption webpage="semana-2" alt=""/>
      <caption webpage="semana-6" alt=""/>
    </file>
    <file name="anti-roll gloves.jpg" crc="415511627" ref="semana-2">
      <caption webpage="semana-2" alt=""/>
    </file>
    <file name="myo armband.jpg" crc="4085099396" ref="semana-2">
      <caption webpage="semana-2" alt=""/>
    </file>
    <file name="elegirestrategia.jpg" crc="4151799858" ref="semana-4">
      <caption webpage="semana-5" alt=""/>
      <caption webpage="semana-4" alt=""/>
    </file>
    <file name="estrategia2.jpg" crc="384554656" ref="semana-4">
      <caption webpage="semana-5" alt=""/>
      <caption webpage="semana-4" alt=""/>
    </file>
    <file name="estrategia3.jpg" crc="51061544" ref="semana-4">
      <caption webpage="semana-5" alt=""/>
      <caption webpage="semana-4" alt=""/>
    </file>
    <file name="elaboracionconceptos20.jpg" crc="3844046459" ref="semana-6">
      <caption webpage="semana-6" alt=""/>
    </file>
    <file name="votación1.jpg" crc="3824409675" ref="semana-6">
      <caption webpage="semana-6" alt=""/>
    </file>
    <file name="criterios.jpg" crc="197464895" ref="semana-6">
      <caption webpage="semana-6" alt=""/>
    </file>
    <file name="votación3.jpg" crc="158410156" ref="semana-6">
      <caption webpage="semana-6" alt=""/>
    </file>
    <file name="votación2.jpg" crc="201833043" ref="semana-6">
      <caption webpage="semana-6" alt=""/>
    </file>
    <file name="sextodedo.jpg" crc="430922765" ref="semana-2">
      <caption webpage="semana-2" alt=""/>
    </file>
  </folder>
  <file name="index.html" crc="4175662187" seo="true" mt="1538514075326" redirect="true"/>
  <file name="semana-1.html" crc="84819338" seo="true" mt="1538514492860" redirect="true"/>
  <file name="semana-4.html" crc="3927197272" seo="true" mt="1538545731232" redirect="true"/>
  <file name="semana-2.html" crc="4158767716" seo="true" mt="1538576997063" redirect="true"/>
  <file name="semana-3.html" crc="486282858" seo="true" mt="1537046822278" redirect="true"/>
  <file name="semana-5.html" crc="247093022" seo="true" mt="1538576604468" redirect="true"/>
  <file name="semana-6.html" crc="40734853" seo="true" mt="1538578135401" redirect="true"/>
  <file name="semana-7.html" crc="212619448" seo="true" mt="1538544360508" redirect="true"/>
</manifest>